id_municipio,id_municipio_6
1100015,110001
1100023,110002
1100031,110003
1100049,110004
1100056,110005
1100064,110006
1100072,110007
1100080,110008
1100098,110009
1100106,110010
1100114,110011
1100122,110012
1100130,110013
1100148,110014
1100155,110015
1100189,110018
1100205,110020
1100254,110025
1100262,110026
1100288,110028
1100296,110029
1100304,110030
1100320,110032
1100338,110033
1100346,110034
1100379,110037
1100403,110040
1100452,110045
1100502,110050
1100601,110060
1100700,110070
1100809,110080
1100908,110090
1100924,110092
1100940,110094
1101005,110100
1101104,110110
1101203,110120
1101302,110130
1101401,110140
1101435,110143
1101450,110145
1101468,110146
1101476,110147
1101484,110148
1101492,110149
1101500,110150
1101559,110155
1101609,110160
1101708,110170
1101757,110175
1101807,110180
1200013,120001
1200054,120005
1200104,120010
1200138,120013
1200179,120017
1200203,120020
1200252,120025
1200302,120030
1200328,120032
1200336,120033
1200344,120034
1200351,120035
1200385,120038
1200393,120039
1200401,120040
1200427,120042
1200435,120043
1200450,120045
1200500,120050
1200609,120060
1200708,120070
1200807,120080
1300029,130002
1300060,130006
1300086,130008
1300102,130010
1300144,130014
1300201,130020
1300300,130030
1300409,130040
1300508,130050
1300607,130060
1300631,130063
1300680,130068
1300706,130070
1300805,130080
1300839,130083
1300904,130090
1301001,130100
1301100,130110
1301159,130115
1301209,130120
1301308,130130
1301407,130140
1301506,130150
1301605,130160
1301654,130165
1301704,130170
1301803,130180
1301852,130185
1301902,130190
1301951,130195
1302009,130200
1302108,130210
1302207,130220
1302306,130230
1302405,130240
1302504,130250
1302553,130255
1302603,130260
1302702,130270
1302801,130280
1302900,130290
1303007,130300
1303106,130310
1303205,130320
1303304,130330
1303403,130340
1303502,130350
1303536,130353
1303569,130356
1303601,130360
1303700,130370
1303809,130380
1303908,130390
1303957,130395
1304005,130400
1304062,130406
1304104,130410
1304203,130420
1304237,130423
1304260,130426
1304302,130430
1304401,130440
1400027,140002
1400050,140005
1400100,140010
1400159,140015
1400175,140017
1400209,140020
1400233,140023
1400282,140028
1400308,140030
1400407,140040
1400456,140045
1400472,140047
1400506,140050
1400605,140060
1400704,140070
1500107,150010
1500131,150013
1500206,150020
1500305,150030
1500347,150034
1500404,150040
1500503,150050
1500602,150060
1500701,150070
1500800,150080
1500859,150085
1500909,150090
1500958,150095
1501006,150100
1501105,150110
1501204,150120
1501253,150125
1501303,150130
1501402,150140
1501451,150145
1501501,150150
1501576,150157
1501600,150160
1501709,150170
1501725,150172
1501758,150175
1501782,150178
1501808,150180
1501907,150190
1501956,150195
1502004,150200
1502103,150210
1502152,150215
1502202,150220
1502301,150230
1502400,150240
1502509,150250
1502608,150260
1502707,150270
1502756,150275
1502764,150276
1502772,150277
1502806,150280
1502855,150285
1502905,150290
1502939,150293
1502954,150295
1503002,150300
1503044,150304
1503077,150307
1503093,150309
1503101,150310
1503200,150320
1503309,150330
1503408,150340
1503457,150345
1503507,150350
1503606,150360
1503705,150370
1503754,150375
1503804,150380
1503903,150390
1504000,150400
1504059,150405
1504109,150410
1504208,150420
1504307,150430
1504406,150440
1504422,150442
1504455,150445
1504505,150450
1504604,150460
1504703,150470
1504752,150475
1504802,150480
1504901,150490
1504950,150495
1504976,150497
1505007,150500
1505031,150503
1505064,150506
1505106,150510
1505205,150520
1505304,150530
1505403,150540
1505437,150543
1505486,150548
1505494,150549
1505502,150550
1505536,150553
1505551,150555
1505601,150560
1505635,150563
1505650,150565
1505700,150570
1505809,150580
1505908,150590
1506005,150600
1506104,150610
1506112,150611
1506138,150613
1506161,150616
1506187,150618
1506195,150619
1506203,150620
1506302,150630
1506351,150635
1506401,150640
1506500,150650
1506559,150655
1506583,150658
1506609,150660
1506708,150670
1506807,150680
1506906,150690
1507003,150700
1507102,150710
1507151,150715
1507201,150720
1507300,150730
1507409,150740
1507458,150745
1507466,150746
1507474,150747
1507508,150750
1507607,150760
1507706,150770
1507755,150775
1507805,150780
1507904,150790
1507953,150795
1507961,150796
1507979,150797
1508001,150800
1508035,150803
1508050,150805
1508084,150808
1508100,150810
1508126,150812
1508159,150815
1508209,150820
1508308,150830
1508357,150835
1508407,150840
1600055,160005
1600105,160010
1600154,160015
1600204,160020
1600212,160021
1600238,160023
1600253,160025
1600279,160027
1600303,160030
1600402,160040
1600501,160050
1600535,160053
1600550,160055
1600600,160060
1600709,160070
1600808,160080
1700251,170025
1700301,170030
1700350,170035
1700400,170040
1700707,170070
1701002,170100
1701051,170105
1701101,170110
1701309,170130
1701903,170190
1702000,170200
1702109,170210
1702158,170215
1702208,170220
1702307,170230
1702406,170240
1702554,170255
1702703,170270
1702901,170290
1703008,170300
1703057,170305
1703073,170307
1703107,170310
1703206,170320
1703305,170330
1703602,170360
1703701,170370
1703800,170380
1703826,170382
1703842,170384
1703867,170386
1703883,170388
1703891,170389
1703909,170390
1704105,170410
1704600,170460
1705102,170510
1705508,170550
1705557,170555
1705607,170560
1706001,170600
1706100,170610
1706258,170625
1706506,170650
1707009,170700
1707108,170710
1707207,170720
1707306,170730
1707405,170740
1707553,170755
1707652,170765
1707702,170770
1708205,170820
1708254,170825
1708304,170830
1709005,170900
1709302,170930
1709500,170950
1709807,170980
1710508,171050
1710706,171070
1710904,171090
1711100,171110
1711506,171150
1711803,171180
1711902,171190
1711951,171195
1712009,171200
1712157,171215
1712405,171240
1712454,171245
1712504,171250
1712702,171270
1712801,171280
1713205,171320
1713304,171330
1713601,171360
1713700,171370
1713809,171380
1713957,171395
1714203,171420
1714302,171430
1714880,171488
1715002,171500
1715101,171510
1715150,171515
1715259,171525
1715507,171550
1715705,171570
1715754,171575
1716109,171610
1716208,171620
1716307,171630
1716505,171650
1716604,171660
1716653,171665
1716703,171670
1717008,171700
1717206,171720
1717503,171750
1717800,171780
1717909,171790
1718006,171800
1718204,171820
1718303,171830
1718402,171840
1718451,171845
1718501,171850
1718550,171855
1718659,171865
1718709,171870
1718758,171875
1718808,171880
1718840,171884
1718865,171886
1718881,171888
1718899,171889
1718907,171890
1719004,171900
1720002,172000
1720101,172010
1720150,172015
1720200,172020
1720259,172025
1720309,172030
1720499,172049
1720655,172065
1720804,172080
1720853,172085
1720903,172090
1720937,172093
1720978,172097
1721000,172100
1721109,172110
1721208,172120
1721257,172125
1721307,172130
1722081,172208
1722107,172210
2100055,210005
2100105,210010
2100154,210015
2100204,210020
2100303,210030
2100402,210040
2100436,210043
2100477,210047
2100501,210050
2100550,210055
2100600,210060
2100709,210070
2100808,210080
2100832,210083
2100873,210087
2100907,210090
2100956,210095
2101004,210100
2101103,210110
2101202,210120
2101251,210125
2101301,210130
2101350,210135
2101400,210140
2101509,210150
2101608,210160
2101707,210170
2101731,210173
2101772,210177
2101806,210180
2101905,210190
2101939,210193
2101970,210197
2102002,210200
2102036,210203
2102077,210207
2102101,210210
2102150,210215
2102200,210220
2102309,210230
2102325,210232
2102358,210235
2102374,210237
2102408,210240
2102507,210250
2102556,210255
2102606,210260
2102705,210270
2102754,210275
2102804,210280
2102903,210290
2103000,210300
2103109,210310
2103125,210312
2103158,210315
2103174,210317
2103208,210320
2103257,210325
2103307,210330
2103406,210340
2103505,210350
2103554,210355
2103604,210360
2103703,210370
2103752,210375
2103802,210380
2103901,210390
2104008,210400
2104057,210405
2104073,210407
2104081,210408
2104099,210409
2104107,210410
2104206,210420
2104305,210430
2104404,210440
2104503,210450
2104552,210455
2104602,210460
2104628,210462
2104651,210465
2104677,210467
2104701,210470
2104800,210480
2104909,210490
2105005,210500
2105104,210510
2105153,210515
2105203,210520
2105302,210530
2105351,210535
2105401,210540
2105427,210542
2105450,210545
2105476,210547
2105500,210550
2105609,210560
2105658,210565
2105708,210570
2105807,210580
2105906,210590
2105922,210592
2105948,210594
2105963,210596
2105989,210598
2106003,210600
2106102,210610
2106201,210620
2106300,210630
2106326,210632
2106359,210635
2106375,210637
2106409,210640
2106508,210650
2106607,210660
2106631,210663
2106672,210667
2106706,210670
2106755,210675
2106805,210680
2106904,210690
2107001,210700
2107100,210710
2107209,210720
2107258,210725
2107308,210730
2107357,210735
2107407,210740
2107456,210745
2107506,210750
2107605,210760
2107704,210770
2107803,210780
2107902,210790
2108009,210800
2108058,210805
2108108,210810
2108207,210820
2108256,210825
2108306,210830
2108405,210840
2108454,210845
2108504,210850
2108603,210860
2108702,210870
2108801,210880
2108900,210890
2109007,210900
2109056,210905
2109106,210910
2109205,210920
2109239,210923
2109270,210927
2109304,210930
2109403,210940
2109452,210945
2109502,210950
2109551,210955
2109601,210960
2109700,210970
2109759,210975
2109809,210980
2109908,210990
2110005,211000
2110039,211003
2110104,211010
2110203,211020
2110237,211023
2110278,211027
2110302,211030
2110401,211040
2110500,211050
2110609,211060
2110658,211065
2110708,211070
2110807,211080
2110856,211085
2110906,211090
2111003,211100
2111029,211102
2111052,211105
2111078,211107
2111102,211110
2111201,211120
2111250,211125
2111300,211130
2111409,211140
2111508,211150
2111532,211153
2111573,211157
2111607,211160
2111631,211163
2111672,211167
2111706,211170
2111722,211172
2111748,211174
2111763,211176
2111789,211178
2111805,211180
2111904,211190
2111953,211195
2112001,211200
2112100,211210
2112209,211220
2112233,211223
2112274,211227
2112308,211230
2112407,211240
2112456,211245
2112506,211250
2112605,211260
2112704,211270
2112803,211280
2112852,211285
2112902,211290
2113009,211300
2114007,211400
2200053,220005
2200103,220010
2200202,220020
2200251,220025
2200277,220027
2200301,220030
2200400,220040
2200459,220045
2200509,220050
2200608,220060
2200707,220070
2200806,220080
2200905,220090
2200954,220095
2201002,220100
2201051,220105
2201101,220110
2201150,220115
2201176,220117
2201200,220120
2201309,220130
2201408,220140
2201507,220150
2201556,220155
2201572,220157
2201606,220160
2201705,220170
2201739,220173
2201770,220177
2201804,220180
2201903,220190
2201919,220191
2201929,220192
2201945,220194
2201960,220196
2201988,220198
2202000,220200
2202026,220202
2202059,220205
2202075,220207
2202083,220208
2202091,220209
2202109,220210
2202117,220211
2202133,220213
2202174,220217
2202208,220220
2202251,220225
2202307,220230
2202406,220240
2202455,220245
2202505,220250
2202539,220253
2202554,220255
2202604,220260
2202653,220265
2202703,220270
2202711,220271
2202729,220272
2202737,220273
2202752,220275
2202778,220277
2202802,220280
2202851,220285
2202901,220290
2203008,220300
2203107,220310
2203206,220320
2203230,220323
2203255,220325
2203271,220327
2203305,220330
2203354,220335
2203404,220340
2203420,220342
2203453,220345
2203503,220350
2203602,220360
2203701,220370
2203750,220375
2203800,220380
2203859,220385
2203909,220390
2204006,220400
2204105,220410
2204154,220415
2204204,220420
2204303,220430
2204352,220435
2204402,220440
2204501,220450
2204550,220455
2204600,220460
2204659,220465
2204709,220470
2204808,220480
2204907,220490
2205003,220500
2205102,220510
2205151,220515
2205201,220520
2205250,220525
2205276,220527
2205300,220530
2205359,220535
2205409,220540
2205458,220545
2205508,220550
2205516,220551
2205524,220552
2205532,220553
2205540,220554
2205557,220555
2205565,220556
2205573,220557
2205581,220558
2205599,220559
2205607,220560
2205706,220570
2205805,220580
2205854,220585
2205904,220590
2205953,220595
2206001,220600
2206050,220605
2206100,220610
2206209,220620
2206308,220630
2206357,220635
2206407,220640
2206506,220650
2206605,220660
2206654,220665
2206670,220667
2206696,220669
2206704,220670
2206720,220672
2206753,220675
2206803,220680
2206902,220690
2206951,220695
2207009,220700
2207108,220710
2207207,220720
2207306,220730
2207355,220735
2207405,220740
2207504,220750
2207553,220755
2207603,220760
2207702,220770
2207751,220775
2207777,220777
2207793,220779
2207801,220780
2207850,220785
2207900,220790
2207934,220793
2207959,220795
2208007,220800
2208106,220810
2208205,220820
2208304,220830
2208403,220840
2208502,220850
2208551,220855
2208601,220860
2208650,220865
2208700,220870
2208809,220880
2208858,220885
2208874,220887
2208908,220890
2209005,220900
2209104,220910
2209153,220915
2209203,220920
2209302,220930
2209351,220935
2209377,220937
2209401,220940
2209450,220945
2209500,220950
2209559,220955
2209609,220960
2209658,220965
2209708,220970
2209757,220975
2209807,220980
2209856,220985
2209872,220987
2209906,220990
2209955,220995
2209971,220997
2210003,221000
2210052,221005
2210102,221010
2210201,221020
2210300,221030
2210359,221035
2210375,221037
2210383,221038
2210391,221039
2210409,221040
2210508,221050
2210607,221060
2210623,221062
2210631,221063
2210656,221065
2210706,221070
2210805,221080
2210904,221090
2210938,221093
2210953,221095
2210979,221097
2211001,221100
2211100,221110
2211209,221120
2211308,221130
2211357,221135
2211407,221140
2211506,221150
2211605,221160
2211704,221170
2300101,230010
2300150,230015
2300200,230020
2300309,230030
2300408,230040
2300507,230050
2300606,230060
2300705,230070
2300754,230075
2300804,230080
2300903,230090
2301000,230100
2301109,230110
2301208,230120
2301257,230125
2301307,230130
2301406,230140
2301505,230150
2301604,230160
2301703,230170
2301802,230180
2301851,230185
2301901,230190
2301950,230195
2302008,230200
2302057,230205
2302107,230210
2302206,230220
2302305,230230
2302404,230240
2302503,230250
2302602,230260
2302701,230270
2302800,230280
2302909,230290
2303006,230300
2303105,230310
2303204,230320
2303303,230330
2303402,230340
2303501,230350
2303600,230360
2303659,230365
2303709,230370
2303808,230380
2303907,230390
2303931,230393
2303956,230395
2304004,230400
2304103,230410
2304202,230420
2304236,230423
2304251,230425
2304269,230426
2304277,230427
2304285,230428
2304301,230430
2304350,230435
2304400,230440
2304459,230445
2304509,230450
2304608,230460
2304657,230465
2304707,230470
2304806,230480
2304905,230490
2304954,230495
2305001,230500
2305100,230510
2305209,230520
2305233,230523
2305266,230526
2305308,230530
2305332,230533
2305357,230535
2305407,230540
2305506,230550
2305605,230560
2305654,230565
2305704,230570
2305803,230580
2305902,230590
2306009,230600
2306108,230610
2306207,230620
2306256,230625
2306306,230630
2306405,230640
2306504,230650
2306553,230655
2306603,230660
2306702,230670
2306801,230680
2306900,230690
2307007,230700
2307106,230710
2307205,230720
2307254,230725
2307304,230730
2307403,230740
2307502,230750
2307601,230760
2307635,230763
2307650,230765
2307700,230770
2307809,230780
2307908,230790
2308005,230800
2308104,230810
2308203,230820
2308302,230830
2308351,230835
2308377,230837
2308401,230840
2308500,230850
2308609,230860
2308708,230870
2308807,230880
2308906,230890
2309003,230900
2309102,230910
2309201,230920
2309300,230930
2309409,230940
2309458,230945
2309508,230950
2309607,230960
2309706,230970
2309805,230980
2309904,230990
2310001,231000
2310100,231010
2310209,231020
2310258,231025
2310308,231030
2310407,231040
2310506,231050
2310605,231060
2310704,231070
2310803,231080
2310852,231085
2310902,231090
2310951,231095
2311009,231100
2311108,231110
2311207,231120
2311231,231123
2311264,231126
2311306,231130
2311355,231135
2311405,231140
2311504,231150
2311603,231160
2311702,231170
2311801,231180
2311900,231190
2311959,231195
2312007,231200
2312106,231210
2312205,231220
2312304,231230
2312403,231240
2312502,231250
2312601,231260
2312700,231270
2312809,231280
2312908,231290
2313005,231300
2313104,231310
2313203,231320
2313252,231325
2313302,231330
2313351,231335
2313401,231340
2313500,231350
2313559,231355
2313609,231360
2313708,231370
2313757,231375
2313807,231380
2313906,231390
2313955,231395
2314003,231400
2314102,231410
2400109,240010
2400208,240020
2400307,240030
2400406,240040
2400505,240050
2400604,240060
2400703,240070
2400802,240080
2400901,240090
2401008,240100
2401107,240110
2401206,240120
2401305,240130
2401404,240140
2401453,240145
2401503,240150
2401602,240160
2401651,240165
2401701,240170
2401800,240180
2401859,240185
2401909,240190
2402006,240200
2402105,240210
2402204,240220
2402303,240230
2402402,240240
2402501,240250
2402600,240260
2402709,240270
2402808,240280
2402907,240290
2403004,240300
2403103,240310
2403202,240320
2403251,240325
2403301,240330
2403400,240340
2403509,240350
2403608,240360
2403707,240370
2403756,240375
2403806,240380
2403905,240390
2404002,240400
2404101,240410
2404200,240420
2404309,240430
2404408,240440
2404507,240450
2404606,240460
2404705,240470
2404804,240480
2404853,240485
2404903,240490
2405009,240500
2405108,240510
2405207,240520
2405306,240530
2405405,240540
2405504,240550
2405603,240560
2405702,240570
2405801,240580
2405900,240590
2406007,240600
2406106,240610
2406155,240615
2406205,240620
2406304,240630
2406403,240640
2406502,240650
2406601,240660
2406700,240670
2406809,240680
2406908,240690
2407005,240700
2407104,240710
2407203,240720
2407252,240725
2407302,240730
2407401,240740
2407500,240750
2407609,240760
2407708,240770
2407807,240780
2407906,240790
2408003,240800
2408102,240810
2408201,240820
2408300,240830
2408409,240840
2408508,240850
2408607,240860
2408706,240870
2408805,240880
2408904,240890
2408953,240895
2409100,240910
2409209,240920
2409308,240930
2409332,240933
2409407,240940
2409506,240950
2409605,240960
2409704,240970
2409803,240980
2409902,240990
2410009,241000
2410108,241010
2410207,241020
2410256,241025
2410306,241030
2410405,241040
2410504,241050
2410603,241060
2410702,241070
2410801,241080
2410900,241090
2411007,241100
2411056,241105
2411106,241110
2411205,241120
2411403,241140
2411429,241142
2411502,241150
2411601,241160
2411700,241170
2411809,241180
2411908,241190
2412005,241200
2412104,241210
2412203,241220
2412302,241230
2412401,241240
2412500,241250
2412559,241255
2412609,241260
2412708,241270
2412807,241280
2412906,241290
2413003,241300
2413102,241310
2413201,241320
2413300,241330
2413359,241335
2413409,241340
2413508,241350
2413557,241355
2413607,241360
2413706,241370
2413805,241380
2413904,241390
2414001,241400
2414100,241410
2414159,241415
2414209,241420
2414308,241430
2414407,241440
2414456,241445
2414506,241450
2414605,241460
2414704,241470
2414753,241475
2414803,241480
2414902,241490
2415008,241500
2500106,250010
2500205,250020
2500304,250030
2500403,250040
2500502,250050
2500536,250053
2500577,250057
2500601,250060
2500700,250070
2500734,250073
2500775,250077
2500809,250080
2500908,250090
2501005,250100
2501104,250110
2501153,250115
2501203,250120
2501302,250130
2501351,250135
2501401,250140
2501500,250150
2501534,250153
2501575,250157
2501609,250160
2501708,250170
2501807,250180
2501906,250190
2502003,250200
2502052,250205
2502102,250210
2502151,250215
2502201,250220
2502300,250230
2502409,250240
2502508,250250
2502607,250260
2502706,250270
2502805,250280
2502904,250290
2503001,250300
2503100,250310
2503209,250320
2503308,250330
2503407,250340
2503506,250350
2503555,250355
2503605,250360
2503704,250370
2503753,250375
2503803,250380
2503902,250390
2504009,250400
2504033,250403
2504074,250407
2504108,250410
2504157,250415
2504207,250420
2504306,250430
2504355,250435
2504405,250440
2504504,250450
2504603,250460
2504702,250470
2504801,250480
2504850,250485
2504900,250490
2505006,250500
2505105,250510
2505204,250520
2505238,250523
2505279,250527
2505303,250530
2505352,250535
2505402,250540
2505501,250550
2505600,250560
2505709,250570
2505808,250580
2505907,250590
2506004,250600
2506103,250610
2506202,250620
2506251,250625
2506301,250630
2506400,250640
2506509,250650
2506608,250660
2506707,250670
2506806,250680
2506905,250690
2507002,250700
2507101,250710
2507200,250720
2507309,250730
2507408,250740
2507507,250750
2507606,250760
2507705,250770
2507804,250780
2507903,250790
2508000,250800
2508109,250810
2508208,250820
2508307,250830
2508406,250840
2508505,250850
2508554,250855
2508604,250860
2508703,250870
2508802,250880
2508901,250890
2509008,250900
2509057,250905
2509107,250910
2509156,250915
2509206,250920
2509305,250930
2509339,250933
2509370,250937
2509396,250939
2509404,250940
2509503,250950
2509602,250960
2509701,250970
2509800,250980
2509909,250990
2510006,251000
2510105,251010
2510204,251020
2510303,251030
2510402,251040
2510501,251050
2510600,251060
2510659,251065
2510709,251070
2510808,251080
2510907,251090
2511004,251100
2511103,251110
2511202,251120
2511301,251130
2511400,251140
2511509,251150
2511608,251160
2511707,251170
2511806,251180
2511905,251190
2512002,251200
2512036,251203
2512077,251207
2512101,251210
2512200,251220
2512309,251230
2512408,251240
2512507,251250
2512606,251260
2512705,251270
2512721,251272
2512747,251274
2512754,251275
2512762,251276
2512788,251278
2512804,251280
2512903,251290
2513000,251300
2513109,251310
2513158,251315
2513208,251320
2513307,251330
2513356,251335
2513406,251340
2513505,251350
2513604,251360
2513653,251365
2513703,251370
2513802,251380
2513851,251385
2513901,251390
2513927,251392
2513943,251394
2513968,251396
2513984,251398
2514008,251400
2514107,251410
2514206,251420
2514305,251430
2514404,251440
2514453,251445
2514503,251450
2514552,251455
2514602,251460
2514651,251465
2514701,251470
2514800,251480
2514909,251490
2515005,251500
2515104,251510
2515203,251520
2515302,251530
2515401,251540
2515500,251550
2515609,251560
2515708,251570
2515807,251580
2515906,251590
2515930,251593
2515971,251597
2516003,251600
2516102,251610
2516151,251615
2516201,251620
2516300,251630
2516409,251640
2516508,251650
2516607,251660
2516706,251670
2516755,251675
2516805,251680
2516904,251690
2517001,251700
2517100,251710
2517209,251720
2517407,251740
2600054,260005
2600104,260010
2600203,260020
2600302,260030
2600401,260040
2600500,260050
2600609,260060
2600708,260070
2600807,260080
2600906,260090
2601003,260100
2601052,260105
2601102,260110
2601201,260120
2601300,260130
2601409,260140
2601508,260150
2601607,260160
2601706,260170
2601805,260180
2601904,260190
2602001,260200
2602100,260210
2602209,260220
2602308,260230
2602407,260240
2602506,260250
2602605,260260
2602704,260270
2602803,260280
2602902,260290
2603009,260300
2603108,260310
2603207,260320
2603306,260330
2603405,260340
2603454,260345
2603504,260350
2603603,260360
2603702,260370
2603801,260380
2603900,260390
2603926,260392
2604007,260400
2604106,260410
2604155,260415
2604205,260420
2604304,260430
2604403,260440
2604502,260450
2604601,260460
2604700,260470
2604809,260480
2604908,260490
2605004,260500
2605103,260510
2605152,260515
2605202,260520
2605301,260530
2605400,260540
2605459,260545
2605509,260550
2605608,260560
2605707,260570
2605806,260580
2605905,260590
2606002,260600
2606101,260610
2606200,260620
2606309,260630
2606408,260640
2606507,260650
2606606,260660
2606705,260670
2606804,260680
2606903,260690
2607000,260700
2607109,260710
2607208,260720
2607307,260730
2607406,260740
2607505,260750
2607604,260760
2607653,260765
2607703,260770
2607752,260775
2607802,260780
2607901,260790
2607950,260795
2608008,260800
2608057,260805
2608107,260810
2608206,260820
2608255,260825
2608305,260830
2608404,260840
2608453,260845
2608503,260850
2608602,260860
2608701,260870
2608750,260875
2608800,260880
2608909,260890
2609006,260900
2609105,260910
2609154,260915
2609204,260920
2609303,260930
2609402,260940
2609501,260950
2609600,260960
2609709,260970
2609808,260980
2609907,260990
2610004,261000
2610103,261010
2610202,261020
2610301,261030
2610400,261040
2610509,261050
2610608,261060
2610707,261070
2610806,261080
2610905,261090
2611002,261100
2611101,261110
2611200,261120
2611309,261130
2611408,261140
2611507,261150
2611533,261153
2611606,261160
2611705,261170
2611804,261180
2611903,261190
2612000,261200
2612109,261210
2612208,261220
2612307,261230
2612406,261240
2612455,261245
2612471,261247
2612505,261250
2612554,261255
2612604,261260
2612703,261270
2612802,261280
2612901,261290
2613008,261300
2613107,261310
2613206,261320
2613305,261330
2613404,261340
2613503,261350
2613602,261360
2613701,261370
2613800,261380
2613909,261390
2614006,261400
2614105,261410
2614204,261420
2614303,261430
2614402,261440
2614501,261450
2614600,261460
2614709,261470
2614808,261480
2614857,261485
2615003,261500
2615102,261510
2615201,261520
2615300,261530
2615409,261540
2615508,261550
2615607,261560
2615706,261570
2615805,261580
2615904,261590
2616001,261600
2616100,261610
2616183,261618
2616209,261620
2616308,261630
2616407,261640
2616506,261650
2700102,270010
2700201,270020
2700300,270030
2700409,270040
2700508,270050
2700607,270060
2700706,270070
2700805,270080
2700904,270090
2701001,270100
2701100,270110
2701209,270120
2701308,270130
2701357,270135
2701407,270140
2701506,270150
2701605,270160
2701704,270170
2701803,270180
2701902,270190
2702009,270200
2702108,270210
2702207,270220
2702306,270230
2702355,270235
2702405,270240
2702504,270250
2702553,270255
2702603,270260
2702702,270270
2702801,270280
2702900,270290
2703007,270300
2703106,270310
2703205,270320
2703304,270330
2703403,270340
2703502,270350
2703601,270360
2703700,270370
2703759,270375
2703809,270380
2703908,270390
2704005,270400
2704104,270410
2704203,270420
2704302,270430
2704401,270440
2704500,270450
2704609,270460
2704708,270470
2704807,270480
2704906,270490
2705002,270500
2705101,270510
2705200,270520
2705309,270530
2705408,270540
2705507,270550
2705606,270560
2705705,270570
2705804,270580
2705903,270590
2706000,270600
2706109,270610
2706208,270620
2706307,270630
2706406,270640
2706422,270642
2706448,270644
2706505,270650
2706604,270660
2706703,270670
2706802,270680
2706901,270690
2707008,270700
2707107,270710
2707206,270720
2707305,270730
2707404,270740
2707503,270750
2707602,270760
2707701,270770
2707800,270780
2707909,270790
2708006,270800
2708105,270810
2708204,270820
2708303,270830
2708402,270840
2708501,270850
2708600,270860
2708709,270870
2708808,270880
2708907,270890
2708956,270895
2709004,270900
2709103,270910
2709152,270915
2709202,270920
2709301,270930
2709400,270940
2800100,280010
2800209,280020
2800308,280030
2800407,280040
2800506,280050
2800605,280060
2800670,280067
2800704,280070
2801009,280100
2801108,280110
2801207,280120
2801306,280130
2801405,280140
2801504,280150
2801603,280160
2801702,280170
2801900,280190
2802007,280200
2802106,280210
2802205,280220
2802304,280230
2802403,280240
2802502,280250
2802601,280260
2802700,280270
2802809,280280
2802908,280290
2803005,280300
2803104,280310
2803203,280320
2803302,280330
2803401,280340
2803500,280350
2803609,280360
2803708,280370
2803807,280380
2803906,280390
2804003,280400
2804102,280410
2804201,280420
2804300,280430
2804409,280440
2804458,280445
2804508,280450
2804607,280460
2804706,280470
2804805,280480
2804904,280490
2805000,280500
2805109,280510
2805208,280520
2805307,280530
2805406,280540
2805505,280550
2805604,280560
2805703,280570
2805802,280580
2805901,280590
2806008,280600
2806107,280610
2806206,280620
2806305,280630
2806404,280640
2806503,280650
2806602,280660
2806701,280670
2806800,280680
2806909,280690
2807006,280700
2807105,280710
2807204,280720
2807303,280730
2807402,280740
2807501,280750
2807600,280760
2900108,290010
2900207,290020
2900306,290030
2900355,290035
2900405,290040
2900504,290050
2900603,290060
2900702,290070
2900801,290080
2900900,290090
2901007,290100
2901106,290110
2901155,290115
2901205,290120
2901304,290130
2901353,290135
2901403,290140
2901502,290150
2901601,290160
2901700,290170
2901809,290180
2901908,290190
2901957,290195
2902005,290200
2902054,290205
2902104,290210
2902203,290220
2902252,290225
2902302,290230
2902401,290240
2902500,290250
2902609,290260
2902658,290265
2902708,290270
2902807,290280
2902906,290290
2903003,290300
2903102,290310
2903201,290320
2903235,290323
2903276,290327
2903300,290330
2903409,290340
2903508,290350
2903607,290360
2903706,290370
2903805,290380
2903904,290390
2903953,290395
2904001,290400
2904050,290405
2904100,290410
2904209,290420
2904308,290430
2904407,290440
2904506,290450
2904605,290460
2904704,290470
2904753,290475
2904803,290480
2904852,290485
2904902,290490
2905008,290500
2905107,290510
2905156,290515
2905206,290520
2905305,290530
2905404,290540
2905503,290550
2905602,290560
2905701,290570
2905800,290580
2905909,290590
2906006,290600
2906105,290610
2906204,290620
2906303,290630
2906402,290640
2906501,290650
2906600,290660
2906709,290670
2906808,290680
2906824,290682
2906857,290685
2906873,290687
2906899,290689
2906907,290690
2907004,290700
2907103,290710
2907202,290720
2907301,290730
2907400,290740
2907509,290750
2907558,290755
2907608,290760
2907707,290770
2907806,290780
2907905,290790
2908002,290800
2908101,290810
2908200,290820
2908309,290830
2908408,290840
2908507,290850
2908606,290860
2908705,290870
2908804,290880
2908903,290890
2909000,290900
2909109,290910
2909208,290920
2909307,290930
2909406,290940
2909505,290950
2909604,290960
2909703,290970
2909802,290980
2909901,290990
2910008,291000
2910057,291005
2910107,291010
2910206,291020
2910305,291030
2910404,291040
2910503,291050
2910602,291060
2910701,291070
2910727,291072
2910750,291075
2910776,291077
2910800,291080
2910859,291085
2910909,291090
2911006,291100
2911105,291110
2911204,291120
2911253,291125
2911303,291130
2911402,291140
2911501,291150
2911600,291160
2911659,291165
2911709,291170
2911808,291180
2911857,291185
2911907,291190
2912004,291200
2912103,291210
2912202,291220
2912301,291230
2912400,291240
2912509,291250
2912608,291260
2912707,291270
2912806,291280
2912905,291290
2913002,291300
2913101,291310
2913200,291320
2913309,291330
2913408,291340
2913457,291345
2913507,291350
2913606,291360
2913705,291370
2913804,291380
2913903,291390
2914000,291400
2914109,291410
2914208,291420
2914307,291430
2914406,291440
2914505,291450
2914604,291460
2914653,291465
2914703,291470
2914802,291480
2914901,291490
2915007,291500
2915106,291510
2915205,291520
2915304,291530
2915353,291535
2915403,291540
2915502,291550
2915601,291560
2915700,291570
2915809,291580
2915908,291590
2916005,291600
2916104,291610
2916203,291620
2916302,291630
2916401,291640
2916500,291650
2916609,291660
2916708,291670
2916807,291680
2916856,291685
2916906,291690
2917003,291700
2917102,291710
2917201,291720
2917300,291730
2917334,291733
2917359,291735
2917409,291740
2917508,291750
2917607,291760
2917706,291770
2917805,291780
2917904,291790
2918001,291800
2918100,291810
2918209,291820
2918308,291830
2918357,291835
2918407,291840
2918456,291845
2918506,291850
2918555,291855
2918605,291860
2918704,291870
2918753,291875
2918803,291880
2918902,291890
2919009,291900
2919058,291905
2919108,291910
2919157,291915
2919207,291920
2919306,291930
2919405,291940
2919504,291950
2919553,291955
2919603,291960
2919702,291970
2919801,291980
2919900,291990
2919926,291992
2919959,291995
2920007,292000
2920106,292010
2920205,292020
2920304,292030
2920403,292040
2920452,292045
2920502,292050
2920601,292060
2920700,292070
2920809,292080
2920908,292090
2921005,292100
2921054,292105
2921104,292110
2921203,292120
2921302,292130
2921401,292140
2921450,292145
2921500,292150
2921609,292160
2921708,292170
2921807,292180
2921906,292190
2922003,292200
2922052,292205
2922102,292210
2922201,292220
2922250,292225
2922300,292230
2922409,292240
2922508,292250
2922607,292260
2922656,292265
2922706,292270
2922730,292273
2922755,292275
2922805,292280
2922854,292285
2922904,292290
2923001,292300
2923035,292303
2923050,292305
2923100,292310
2923209,292320
2923308,292330
2923357,292335
2923407,292340
2923506,292350
2923605,292360
2923704,292370
2923803,292380
2923902,292390
2924009,292400
2924058,292405
2924108,292410
2924207,292420
2924306,292430
2924405,292440
2924504,292450
2924603,292460
2924652,292465
2924678,292467
2924702,292470
2924801,292480
2924900,292490
2925006,292500
2925105,292510
2925204,292520
2925253,292525
2925303,292530
2925402,292540
2925501,292550
2925600,292560
2925709,292570
2925758,292575
2925808,292580
2925907,292590
2925931,292593
2925956,292595
2926004,292600
2926103,292610
2926202,292620
2926301,292630
2926400,292640
2926509,292650
2926608,292660
2926657,292665
2926707,292670
2926806,292680
2926905,292690
2927002,292700
2927101,292710
2927200,292720
2927309,292730
2927408,292740
2927507,292750
2927606,292760
2927705,292770
2927804,292780
2927903,292790
2928000,292800
2928059,292805
2928109,292810
2928208,292820
2928307,292830
2928406,292840
2928505,292850
2928604,292860
2928703,292870
2928802,292880
2928901,292890
2928950,292895
2929008,292900
2929057,292905
2929107,292910
2929206,292920
2929255,292925
2929305,292930
2929354,292935
2929370,292937
2929404,292940
2929503,292950
2929602,292960
2929701,292970
2929750,292975
2929800,292980
2929909,292990
2930006,293000
2930105,293010
2930154,293015
2930204,293020
2930303,293030
2930402,293040
2930501,293050
2930600,293060
2930709,293070
2930758,293075
2930766,293076
2930774,293077
2930808,293080
2930907,293090
2931004,293100
2931053,293105
2931103,293110
2931202,293120
2931301,293130
2931350,293135
2931400,293140
2931509,293150
2931608,293160
2931707,293170
2931806,293180
2931905,293190
2932002,293200
2932101,293210
2932200,293220
2932309,293230
2932408,293240
2932457,293245
2932507,293250
2932606,293260
2932705,293270
2932804,293280
2932903,293290
2933000,293300
2933059,293305
2933109,293310
2933158,293315
2933174,293317
2933208,293320
2933257,293325
2933307,293330
2933406,293340
2933455,293345
2933505,293350
2933604,293360
3100104,310010
3100203,310020
3100302,310030
3100401,310040
3100500,310050
3100609,310060
3100708,310070
3100807,310080
3100906,310090
3101003,310100
3101102,310110
3101201,310120
3101300,310130
3101409,310140
3101508,310150
3101607,310160
3101631,310163
3101706,310170
3101805,310180
3101904,310190
3102001,310200
3102050,310205
3102100,310210
3102209,310220
3102308,310230
3102407,310240
3102506,310250
3102605,310260
3102704,310270
3102803,310280
3102852,310285
3102902,310290
3103009,310300
3103108,310310
3103207,310320
3103306,310330
3103405,310340
3103504,310350
3103603,310360
3103702,310370
3103751,310375
3103801,310380
3103900,310390
3104007,310400
3104106,310410
3104205,310420
3104304,310430
3104403,310440
3104452,310445
3104502,310450
3104601,310460
3104700,310470
3104809,310480
3104908,310490
3105004,310500
3105103,310510
3105202,310520
3105301,310530
3105400,310540
3105509,310550
3105608,310560
3105707,310570
3105905,310590
3106002,310600
3106101,310610
3106200,310620
3106309,310630
3106408,310640
3106507,310650
3106606,310660
3106655,310665
3106705,310670
3106804,310680
3106903,310690
3107000,310700
3107109,310710
3107208,310720
3107307,310730
3107406,310740
3107505,310750
3107604,310760
3107703,310770
3107802,310780
3107901,310790
3108008,310800
3108107,310810
3108206,310820
3108255,310825
3108305,310830
3108404,310840
3108503,310850
3108552,310855
3108602,310860
3108701,310870
3108800,310880
3108909,310890
3109006,310900
3109105,310910
3109204,310920
3109253,310925
3109303,310930
3109402,310940
3109451,310945
3109501,310950
3109600,310960
3109709,310970
3109808,310980
3109907,310990
3110004,311000
3110103,311010
3110202,311020
3110301,311030
3110400,311040
3110509,311050
3110608,311060
3110707,311070
3110806,311080
3110905,311090
3111002,311100
3111101,311110
3111150,311115
3111200,311120
3111309,311130
3111408,311140
3111507,311150
3111606,311160
3111705,311170
3111804,311180
3111903,311190
3112000,311200
3112059,311205
3112109,311210
3112208,311220
3112307,311230
3112406,311240
3112505,311250
3112604,311260
3112653,311265
3112703,311270
3112802,311280
3112901,311290
3113008,311300
3113107,311310
3113206,311320
3113305,311330
3113404,311340
3113503,311350
3113602,311360
3113701,311370
3113800,311380
3113909,311390
3114006,311400
3114105,311410
3114204,311420
3114303,311430
3114402,311440
3114501,311450
3114550,311455
3114600,311460
3114709,311470
3114808,311480
3114907,311490
3115003,311500
3115102,311510
3115201,311520
3115300,311530
3115359,311535
3115409,311540
3115458,311545
3115474,311547
3115508,311550
3115607,311560
3115706,311570
3115805,311580
3115904,311590
3116001,311600
3116100,311610
3116159,311615
3116209,311620
3116308,311630
3116407,311640
3116506,311650
3116605,311660
3116704,311670
3116803,311680
3116902,311690
3117009,311700
3117108,311710
3117207,311720
3117306,311730
3117405,311740
3117504,311750
3117603,311760
3117702,311770
3117801,311780
3117836,311783
3117876,311787
3117900,311790
3118007,311800
3118106,311810
3118205,311820
3118304,311830
3118403,311840
3118502,311850
3118601,311860
3118700,311870
3118809,311880
3118908,311890
3119005,311900
3119104,311910
3119203,311920
3119302,311930
3119401,311940
3119500,311950
3119609,311960
3119708,311970
3119807,311980
3119906,311990
3119955,311995
3120003,312000
3120102,312010
3120151,312015
3120201,312020
3120300,312030
3120409,312040
3120508,312050
3120607,312060
3120706,312070
3120805,312080
3120839,312083
3120870,312087
3120904,312090
3121001,312100
3121100,312110
3121209,312120
3121258,312125
3121308,312130
3121407,312140
3121506,312150
3121605,312160
3121704,312170
3121803,312180
3121902,312190
3122009,312200
3122108,312210
3122207,312220
3122306,312230
3122355,312235
3122405,312240
3122454,312245
3122470,312247
3122504,312250
3122603,312260
3122702,312270
3122801,312280
3122900,312290
3123007,312300
3123106,312310
3123205,312320
3123304,312330
3123403,312340
3123502,312350
3123528,312352
3123601,312360
3123700,312370
3123809,312380
3123858,312385
3123908,312390
3124005,312400
3124104,312410
3124203,312420
3124302,312430
3124401,312440
3124500,312450
3124609,312460
3124708,312470
3124807,312480
3124906,312490
3125002,312500
3125101,312510
3125200,312520
3125309,312530
3125408,312540
3125507,312550
3125606,312560
3125705,312570
3125804,312580
3125903,312590
3125952,312595
3126000,312600
3126109,312610
3126208,312620
3126307,312630
3126406,312640
3126505,312650
3126604,312660
3126703,312670
3126752,312675
3126802,312680
3126901,312690
3126950,312695
3127008,312700
3127057,312705
3127073,312707
3127107,312710
3127206,312720
3127305,312730
3127339,312733
3127354,312735
3127370,312737
3127388,312738
3127404,312740
3127503,312750
3127602,312760
3127701,312770
3127800,312780
3127909,312790
3128006,312800
3128105,312810
3128204,312820
3128253,312825
3128303,312830
3128402,312840
3128501,312850
3128600,312860
3128709,312870
3128808,312880
3128907,312890
3129004,312900
3129103,312910
3129202,312920
3129301,312930
3129400,312940
3129509,312950
3129608,312960
3129657,312965
3129707,312970
3129806,312980
3129905,312990
3130002,313000
3130051,313005
3130101,313010
3130200,313020
3130309,313030
3130408,313040
3130507,313050
3130556,313055
3130606,313060
3130655,313065
3130705,313070
3130804,313080
3130903,313090
3131000,313100
3131109,313110
3131158,313115
3131208,313120
3131307,313130
3131406,313140
3131505,313150
3131604,313160
3131703,313170
3131802,313180
3131901,313190
3132008,313200
3132107,313210
3132206,313220
3132305,313230
3132404,313240
3132503,313250
3132602,313260
3132701,313270
3132800,313280
3132909,313290
3133006,313300
3133105,313310
3133204,313320
3133303,313330
3133402,313340
3133501,313350
3133600,313360
3133709,313370
3133758,313375
3133808,313380
3133907,313390
3134004,313400
3134103,313410
3134202,313420
3134301,313430
3134400,313440
3134509,313450
3134608,313460
3134707,313470
3134806,313480
3134905,313490
3135001,313500
3135050,313505
3135076,313507
3135100,313510
3135209,313520
3135308,313530
3135357,313535
3135407,313540
3135456,313545
3135506,313550
3135605,313560
3135704,313570
3135803,313580
3135902,313590
3136009,313600
3136108,313610
3136207,313620
3136306,313630
3136405,313640
3136504,313650
3136520,313652
3136553,313655
3136579,313657
3136603,313660
3136652,313665
3136702,313670
3136801,313680
3136900,313690
3136959,313695
3137007,313700
3137106,313710
3137205,313720
3137304,313730
3137403,313740
3137502,313750
3137536,313753
3137601,313760
3137700,313770
3137809,313780
3137908,313790
3138005,313800
3138104,313810
3138203,313820
3138302,313830
3138351,313835
3138401,313840
3138500,313850
3138609,313860
3138625,313862
3138658,313865
3138674,313867
3138682,313868
3138708,313870
3138807,313880
3138906,313890
3139003,313900
3139102,313910
3139201,313920
3139250,313925
3139300,313930
3139409,313940
3139508,313950
3139607,313960
3139706,313970
3139805,313980
3139904,313990
3140001,314000
3140100,314010
3140159,314015
3140209,314020
3140308,314030
3140407,314040
3140506,314050
3140530,314053
3140555,314055
3140605,314060
3140704,314070
3140803,314080
3140852,314085
3140902,314090
3141009,314100
3141108,314110
3141207,314120
3141306,314130
3141405,314140
3141504,314150
3141603,314160
3141702,314170
3141801,314180
3141900,314190
3142007,314200
3142106,314210
3142205,314220
3142254,314225
3142304,314230
3142403,314240
3142502,314250
3142601,314260
3142700,314270
3142809,314280
3142908,314290
3143005,314300
3143104,314310
3143153,314315
3143203,314320
3143302,314330
3143401,314340
3143450,314345
3143500,314350
3143609,314360
3143708,314370
3143807,314380
3143906,314390
3144003,314400
3144102,314410
3144201,314420
3144300,314430
3144359,314435
3144375,314437
3144409,314440
3144508,314450
3144607,314460
3144656,314465
3144672,314467
3144706,314470
3144805,314480
3144904,314490
3145000,314500
3145059,314505
3145109,314510
3145208,314520
3145307,314530
3145356,314535
3145372,314537
3145406,314540
3145455,314545
3145505,314550
3145604,314560
3145703,314570
3145802,314580
3145851,314585
3145877,314587
3145901,314590
3146008,314600
3146107,314610
3146206,314620
3146255,314625
3146305,314630
3146404,314640
3146503,314650
3146552,314655
3146602,314660
3146701,314670
3146750,314675
3146909,314690
3147006,314700
3147105,314710
3147204,314720
3147303,314730
3147402,314740
3147501,314750
3147600,314760
3147709,314770
3147808,314780
3147907,314790
3147956,314795
3148004,314800
3148103,314810
3148202,314820
3148301,314830
3148400,314840
3148509,314850
3148608,314860
3148707,314870
3148756,314875
3148806,314880
3148905,314890
3149002,314900
3149101,314910
3149150,314915
3149200,314920
3149309,314930
3149408,314940
3149507,314950
3149606,314960
3149705,314970
3149804,314980
3149903,314990
3149952,314995
3150000,315000
3150109,315010
3150158,315015
3150208,315020
3150307,315030
3150406,315040
3150505,315050
3150539,315053
3150570,315057
3150604,315060
3150703,315070
3150802,315080
3150901,315090
3151008,315100
3151107,315110
3151206,315120
3151305,315130
3151404,315140
3151503,315150
3151602,315160
3151701,315170
3151800,315180
3151909,315190
3152006,315200
3152105,315210
3152131,315213
3152170,315217
3152204,315220
3152303,315230
3152402,315240
3152501,315250
3152600,315260
3152709,315270
3152808,315280
3152907,315290
3153004,315300
3153103,315310
3153202,315320
3153301,315330
3153400,315340
3153509,315350
3153608,315360
3153707,315370
3153806,315380
3153905,315390
3154002,315400
3154101,315410
3154150,315415
3154200,315420
3154309,315430
3154408,315440
3154457,315445
3154507,315450
3154606,315460
3154705,315470
3154804,315480
3154903,315490
3155009,315500
3155108,315510
3155207,315520
3155306,315530
3155405,315540
3155504,315550
3155603,315560
3155702,315570
3155801,315580
3155900,315590
3156007,315600
3156106,315610
3156205,315620
3156304,315630
3156403,315640
3156452,315645
3156502,315650
3156601,315660
3156700,315670
3156809,315680
3156908,315690
3157005,315700
3157104,315710
3157203,315720
3157252,315725
3157278,315727
3157302,315730
3157336,315733
3157377,315737
3157401,315740
3157500,315750
3157609,315760
3157658,315765
3157708,315770
3157807,315780
3157906,315790
3158003,315800
3158102,315810
3158201,315820
3158300,315830
3158409,315840
3158508,315850
3158607,315860
3158706,315870
3158805,315880
3158904,315890
3158953,315895
3159001,315900
3159100,315910
3159209,315920
3159308,315930
3159357,315935
3159407,315940
3159506,315950
3159605,315960
3159704,315970
3159803,315980
3159902,315990
3160009,316000
3160108,316010
3160207,316020
3160306,316030
3160405,316040
3160454,316045
3160504,316050
3160603,316060
3160702,316070
3160801,316080
3160900,316090
3160959,316095
3161007,316100
3161056,316105
3161106,316110
3161205,316120
3161304,316130
3161403,316140
3161502,316150
3161601,316160
3161650,316165
3161700,316170
3161809,316180
3161908,316190
3162005,316200
3162104,316210
3162203,316220
3162252,316225
3162302,316230
3162401,316240
3162450,316245
3162500,316250
3162559,316255
3162575,316257
3162609,316260
3162658,316265
3162708,316270
3162807,316280
3162906,316290
3162922,316292
3162948,316294
3162955,316295
3163003,316300
3163102,316310
3163201,316320
3163300,316330
3163409,316340
3163508,316350
3163607,316360
3163706,316370
3163805,316380
3163904,316390
3164001,316400
3164100,316410
3164209,316420
3164308,316430
3164407,316440
3164431,316443
3164472,316447
3164506,316450
3164605,316460
3164704,316470
3164803,316480
3164902,316490
3165008,316500
3165107,316510
3165206,316520
3165305,316530
3165404,316540
3165503,316550
3165537,316553
3165552,316555
3165560,316556
3165578,316557
3165602,316560
3165701,316570
3165800,316580
3165909,316590
3166006,316600
3166105,316610
3166204,316620
3166303,316630
3166402,316640
3166501,316650
3166600,316660
3166709,316670
3166808,316680
3166907,316690
3166956,316695
3167004,316700
3167103,316710
3167202,316720
3167301,316730
3167400,316740
3167509,316750
3167608,316760
3167707,316770
3167806,316780
3167905,316790
3168002,316800
3168051,316805
3168101,316810
3168200,316820
3168309,316830
3168408,316840
3168507,316850
3168606,316860
3168705,316870
3168804,316880
3168903,316890
3169000,316900
3169059,316905
3169109,316910
3169208,316920
3169307,316930
3169356,316935
3169406,316940
3169505,316950
3169604,316960
3169703,316970
3169802,316980
3169901,316990
3170008,317000
3170057,317005
3170107,317010
3170206,317020
3170305,317030
3170404,317040
3170438,317043
3170479,317047
3170503,317050
3170529,317052
3170578,317057
3170602,317060
3170651,317065
3170701,317070
3170750,317075
3170800,317080
3170909,317090
3171006,317100
3171030,317103
3171071,317107
3171105,317110
3171154,317115
3171204,317120
3171303,317130
3171402,317140
3171501,317150
3171600,317160
3171709,317170
3171808,317180
3171907,317190
3172004,317200
3172103,317210
3172202,317220
3200102,320010
3200136,320013
3200169,320016
3200201,320020
3200300,320030
3200359,320035
3200409,320040
3200508,320050
3200607,320060
3200706,320070
3200805,320080
3200904,320090
3201001,320100
3201100,320110
3201159,320115
3201209,320120
3201308,320130
3201407,320140
3201506,320150
3201605,320160
3201704,320170
3201803,320180
3201902,320190
3202009,320200
3202108,320210
3202207,320220
3202256,320225
3202306,320230
3202405,320240
3202454,320245
3202504,320250
3202553,320255
3202603,320260
3202652,320265
3202702,320270
3202801,320280
3202900,320290
3203007,320300
3203056,320305
3203106,320310
3203130,320313
3203163,320316
3203205,320320
3203304,320330
3203320,320332
3203346,320334
3203353,320335
3203403,320340
3203502,320350
3203601,320360
3203700,320370
3203809,320380
3203908,320390
3204005,320400
3204054,320405
3204104,320410
3204203,320420
3204252,320425
3204302,320430
3204351,320435
3204401,320440
3204500,320450
3204559,320455
3204609,320460
3204658,320465
3204708,320470
3204807,320480
3204906,320490
3204955,320495
3205002,320500
3205010,320501
3205036,320503
3205069,320506
3205101,320510
3205150,320515
3205176,320517
3205200,320520
3205309,320530
3300100,330010
3300159,330015
3300209,330020
3300225,330022
3300233,330023
3300258,330025
3300308,330030
3300407,330040
3300456,330045
3300506,330050
3300605,330060
3300704,330070
3300803,330080
3300902,330090
3300936,330093
3300951,330095
3301009,330100
3301108,330110
3301157,330115
3301207,330120
3301306,330130
3301405,330140
3301504,330150
3301603,330160
3301702,330170
3301801,330180
3301850,330185
3301876,330187
3301900,330190
3302007,330200
3302056,330205
3302106,330210
3302205,330220
3302254,330225
3302270,330227
3302304,330230
3302403,330240
3302452,330245
3302502,330250
3302601,330260
3302700,330270
3302809,330280
3302858,330285
3302908,330290
3303005,330300
3303104,330310
3303203,330320
3303302,330330
3303401,330340
3303500,330350
3303609,330360
3303708,330370
3303807,330380
3303856,330385
3303906,330390
3303955,330395
3304003,330400
3304102,330410
3304110,330411
3304128,330412
3304144,330414
3304151,330415
3304201,330420
3304300,330430
3304409,330440
3304508,330450
3304524,330452
3304557,330455
3304607,330460
3304706,330470
3304755,330475
3304805,330480
3304904,330490
3305000,330500
3305109,330510
3305133,330513
3305158,330515
3305208,330520
3305307,330530
3305406,330540
3305505,330550
3305554,330555
3305604,330560
3305703,330570
3305752,330575
3305802,330580
3305901,330590
3306008,330600
3306107,330610
3306156,330615
3306206,330620
3306305,330630
3500105,350010
3500204,350020
3500303,350030
3500402,350040
3500501,350050
3500550,350055
3500600,350060
3500709,350070
3500758,350075
3500808,350080
3500907,350090
3501004,350100
3501103,350110
3501152,350115
3501202,350120
3501301,350130
3501400,350140
3501509,350150
3501608,350160
3501707,350170
3501806,350180
3501905,350190
3502002,350200
3502101,350210
3502200,350220
3502309,350230
3502408,350240
3502507,350250
3502606,350260
3502705,350270
3502754,350275
3502804,350280
3502903,350290
3503000,350300
3503109,350310
3503158,350315
3503208,350320
3503307,350330
3503356,350335
3503406,350340
3503505,350350
3503604,350360
3503703,350370
3503802,350380
3503901,350390
3503950,350395
3504008,350400
3504107,350410
3504206,350420
3504305,350430
3504404,350440
3504503,350450
3504602,350460
3504701,350470
3504800,350480
3504909,350490
3505005,350500
3505104,350510
3505203,350520
3505302,350530
3505351,350535
3505401,350540
3505500,350550
3505609,350560
3505708,350570
3505807,350580
3505906,350590
3506003,350600
3506102,350610
3506201,350620
3506300,350630
3506359,350635
3506409,350640
3506508,350650
3506607,350660
3506706,350670
3506805,350680
3506904,350690
3507001,350700
3507100,350710
3507159,350715
3507209,350720
3507308,350730
3507407,350740
3507456,350745
3507506,350750
3507605,350760
3507704,350770
3507753,350775
3507803,350780
3507902,350790
3508009,350800
3508108,350810
3508207,350820
3508306,350830
3508405,350840
3508504,350850
3508603,350860
3508702,350870
3508801,350880
3508900,350890
3509007,350900
3509106,350910
3509205,350920
3509254,350925
3509304,350930
3509403,350940
3509452,350945
3509502,350950
3509601,350960
3509700,350970
3509809,350980
3509908,350990
3509957,350995
3510005,351000
3510104,351010
3510153,351015
3510203,351020
3510302,351030
3510401,351040
3510500,351050
3510609,351060
3510708,351070
3510807,351080
3510906,351090
3511003,351100
3511102,351110
3511201,351120
3511300,351130
3511409,351140
3511508,351150
3511607,351160
3511706,351170
3511904,351190
3512001,351200
3512100,351210
3512209,351220
3512308,351230
3512407,351240
3512506,351250
3512605,351260
3512704,351270
3512803,351280
3512902,351290
3513009,351300
3513108,351310
3513207,351320
3513306,351330
3513405,351340
3513504,351350
3513603,351360
3513702,351370
3513801,351380
3513850,351385
3513900,351390
3514007,351400
3514106,351410
3514205,351420
3514304,351430
3514403,351440
3514502,351450
3514601,351460
3514700,351470
3514809,351480
3514908,351490
3514924,351492
3514957,351495
3515004,351500
3515103,351510
3515129,351512
3515152,351515
3515186,351518
3515194,351519
3515202,351520
3515301,351530
3515350,351535
3515400,351540
3515509,351550
3515608,351560
3515657,351565
3515707,351570
3515806,351580
3515905,351590
3516002,351600
3516101,351610
3516200,351620
3516309,351630
3516408,351640
3516507,351650
3516606,351660
3516705,351670
3516804,351680
3516853,351685
3516903,351690
3517000,351700
3517109,351710
3517208,351720
3517307,351730
3517406,351740
3517505,351750
3517604,351760
3517703,351770
3517802,351780
3517901,351790
3518008,351800
3518107,351810
3518206,351820
3518305,351830
3518404,351840
3518503,351850
3518602,351860
3518701,351870
3518800,351880
3518859,351885
3518909,351890
3519006,351900
3519055,351905
3519071,351907
3519105,351910
3519204,351920
3519253,351925
3519303,351930
3519402,351940
3519501,351950
3519600,351960
3519709,351970
3519808,351980
3519907,351990
3520004,352000
3520103,352010
3520202,352020
3520301,352030
3520400,352040
3520426,352042
3520442,352044
3520509,352050
3520608,352060
3520707,352070
3520806,352080
3520905,352090
3521002,352100
3521101,352110
3521150,352115
3521200,352120
3521309,352130
3521408,352140
3521507,352150
3521606,352160
3521705,352170
3521804,352180
3521903,352190
3522000,352200
3522109,352210
3522158,352215
3522208,352220
3522307,352230
3522406,352240
3522505,352250
3522604,352260
3522653,352265
3522703,352270
3522802,352280
3522901,352290
3523008,352300
3523107,352310
3523206,352320
3523305,352330
3523404,352340
3523503,352350
3523602,352360
3523701,352370
3523800,352380
3523909,352390
3524006,352400
3524105,352410
3524204,352420
3524303,352430
3524402,352440
3524501,352450
3524600,352460
3524709,352470
3524808,352480
3524907,352490
3525003,352500
3525102,352510
3525201,352520
3525300,352530
3525409,352540
3525508,352550
3525607,352560
3525706,352570
3525805,352580
3525854,352585
3525904,352590
3526001,352600
3526100,352610
3526209,352620
3526308,352630
3526407,352640
3526506,352650
3526605,352660
3526704,352670
3526803,352680
3526902,352690
3527009,352700
3527108,352710
3527207,352720
3527256,352725
3527306,352730
3527405,352740
3527504,352750
3527603,352760
3527702,352770
3527801,352780
3527900,352790
3528007,352800
3528106,352810
3528205,352820
3528304,352830
3528403,352840
3528502,352850
3528601,352860
3528700,352870
3528809,352880
3528858,352885
3528908,352890
3529005,352900
3529104,352910
3529203,352920
3529302,352930
3529401,352940
3529500,352950
3529609,352960
3529658,352965
3529708,352970
3529807,352980
3529906,352990
3530003,353000
3530102,353010
3530201,353020
3530300,353030
3530409,353040
3530508,353050
3530607,353060
3530706,353070
3530805,353080
3530904,353090
3531001,353100
3531100,353110
3531209,353120
3531308,353130
3531407,353140
3531506,353150
3531605,353160
3531704,353170
3531803,353180
3531902,353190
3532009,353200
3532058,353205
3532108,353210
3532157,353215
3532207,353220
3532306,353230
3532405,353240
3532504,353250
3532603,353260
3532702,353270
3532801,353280
3532827,353282
3532843,353284
3532868,353286
3532900,353290
3533007,353300
3533106,353310
3533205,353320
3533254,353325
3533304,353330
3533403,353340
3533502,353350
3533601,353360
3533700,353370
3533809,353380
3533908,353390
3534005,353400
3534104,353410
3534203,353420
3534302,353430
3534401,353440
3534500,353450
3534609,353460
3534708,353470
3534757,353475
3534807,353480
3534906,353490
3535002,353500
3535101,353510
3535200,353520
3535309,353530
3535408,353540
3535507,353550
3535606,353560
3535705,353570
3535804,353580
3535903,353590
3536000,353600
3536109,353610
3536208,353620
3536257,353625
3536307,353630
3536406,353640
3536505,353650
3536570,353657
3536604,353660
3536703,353670
3536802,353680
3536901,353690
3537008,353700
3537107,353710
3537156,353715
3537206,353720
3537305,353730
3537404,353740
3537503,353750
3537602,353760
3537701,353770
3537800,353780
3537909,353790
3538006,353800
3538105,353810
3538204,353820
3538303,353830
3538501,353850
3538600,353860
3538709,353870
3538808,353880
3538907,353890
3539004,353900
3539103,353910
3539202,353920
3539301,353930
3539400,353940
3539509,353950
3539608,353960
3539707,353970
3539806,353980
3539905,353990
3540002,354000
3540101,354010
3540200,354020
3540259,354025
3540309,354030
3540408,354040
3540507,354050
3540606,354060
3540705,354070
3540754,354075
3540804,354080
3540853,354085
3540903,354090
3541000,354100
3541059,354105
3541109,354110
3541208,354120
3541307,354130
3541406,354140
3541505,354150
3541604,354160
3541653,354165
3541703,354170
3541802,354180
3541901,354190
3542008,354200
3542107,354210
3542206,354220
3542305,354230
3542404,354240
3542503,354250
3542602,354260
3542701,354270
3542800,354280
3542909,354290
3543006,354300
3543105,354310
3543204,354320
3543238,354323
3543253,354325
3543303,354330
3543402,354340
3543501,354350
3543600,354360
3543709,354370
3543808,354380
3543907,354390
3544004,354400
3544103,354410
3544202,354420
3544251,354425
3544301,354430
3544400,354440
3544509,354450
3544608,354460
3544707,354470
3544806,354480
3544905,354490
3545001,354500
3545100,354510
3545159,354515
3545209,354520
3545308,354530
3545407,354540
3545506,354550
3545605,354560
3545704,354570
3545803,354580
3546009,354600
3546108,354610
3546207,354620
3546256,354625
3546306,354630
3546405,354640
3546504,354650
3546603,354660
3546702,354670
3546801,354680
3546900,354690
3547007,354700
3547106,354710
3547205,354720
3547304,354730
3547403,354740
3547502,354750
3547601,354760
3547650,354765
3547700,354770
3547809,354780
3547908,354790
3548005,354800
3548054,354805
3548104,354810
3548203,354820
3548302,354830
3548401,354840
3548500,354850
3548609,354860
3548708,354870
3548807,354880
3548906,354890
3549003,354900
3549102,354910
3549201,354920
3549250,354925
3549300,354930
3549409,354940
3549508,354950
3549607,354960
3549706,354970
3549805,354980
3549904,354990
3549953,354995
3550001,355000
3550100,355010
3550209,355020
3550308,355030
3550407,355040
3550506,355050
3550605,355060
3550704,355070
3550803,355080
3550902,355090
3551009,355100
3551108,355110
3551207,355120
3551306,355130
3551405,355140
3551504,355150
3551603,355160
3551702,355170
3551801,355180
3551900,355190
3552007,355200
3552106,355210
3552205,355220
3552304,355230
3552403,355240
3552502,355250
3552551,355255
3552601,355260
3552700,355270
3552809,355280
3552908,355290
3553005,355300
3553104,355310
3553203,355320
3553302,355330
3553401,355340
3553500,355350
3553609,355360
3553658,355365
3553708,355370
3553807,355380
3553856,355385
3553906,355390
3553955,355395
3554003,355400
3554102,355410
3554201,355420
3554300,355430
3554409,355440
3554508,355450
3554607,355460
3554656,355465
3554706,355470
3554755,355475
3554805,355480
3554904,355490
3554953,355495
3555000,355500
3555109,355510
3555208,355520
3555307,355530
3555356,355535
3555406,355540
3555505,355550
3555604,355560
3555703,355570
3555802,355580
3555901,355590
3556008,355600
3556107,355610
3556206,355620
3556305,355630
3556354,355635
3556404,355640
3556453,355645
3556503,355650
3556602,355660
3556701,355670
3556800,355680
3556909,355690
3556958,355695
3557006,355700
3557105,355710
3557154,355715
3557204,355720
3557303,355730
4100103,410010
4100202,410020
4100301,410030
4100400,410040
4100459,410045
4100509,410050
4100608,410060
4100707,410070
4100806,410080
4100905,410090
4101002,410100
4101051,410105
4101101,410110
4101150,410115
4101200,410120
4101309,410130
4101408,410140
4101507,410150
4101606,410160
4101655,410165
4101705,410170
4101804,410180
4101853,410185
4101903,410190
4102000,410200
4102109,410210
4102208,410220
4102307,410230
4102406,410240
4102505,410250
4102604,410260
4102703,410270
4102752,410275
4102802,410280
4102901,410290
4103008,410300
4103024,410302
4103040,410304
4103057,410305
4103107,410310
4103156,410315
4103206,410320
4103222,410322
4103305,410330
4103354,410335
4103370,410337
4103404,410340
4103453,410345
4103479,410347
4103503,410350
4103602,410360
4103701,410370
4103800,410380
4103909,410390
4103958,410395
4104006,410400
4104055,410405
4104105,410410
4104204,410420
4104253,410425
4104303,410430
4104402,410440
4104428,410442
4104451,410445
4104501,410450
4104600,410460
4104659,410465
4104709,410470
4104808,410480
4104907,410490
4105003,410500
4105102,410510
4105201,410520
4105300,410530
4105409,410540
4105508,410550
4105607,410560
4105706,410570
4105805,410580
4105904,410590
4106001,410600
4106100,410610
4106209,410620
4106308,410630
4106407,410640
4106456,410645
4106506,410650
4106555,410655
4106571,410657
4106605,410660
4106704,410670
4106803,410680
4106852,410685
4106902,410690
4107009,410700
4107108,410710
4107124,410712
4107157,410715
4107207,410720
4107256,410725
4107306,410730
4107405,410740
4107504,410750
4107520,410752
4107538,410753
4107546,410754
4107553,410755
4107603,410760
4107652,410765
4107702,410770
4107736,410773
4107751,410775
4107801,410780
4107850,410785
4107900,410790
4108007,410800
4108106,410810
4108205,410820
4108304,410830
4108320,410832
4108403,410840
4108452,410845
4108502,410850
4108551,410855
4108601,410860
4108650,410865
4108700,410870
4108809,410880
4108908,410890
4108957,410895
4109005,410900
4109104,410910
4109203,410920
4109302,410930
4109401,410940
4109500,410950
4109609,410960
4109658,410965
4109708,410970
4109757,410975
4109807,410980
4109906,410990
4110003,411000
4110052,411005
4110078,411007
4110102,411010
4110201,411020
4110300,411030
4110409,411040
4110508,411050
4110607,411060
4110656,411065
4110706,411070
4110805,411080
4110904,411090
4110953,411095
4111001,411100
4111100,411110
4111209,411120
4111258,411125
4111308,411130
4111407,411140
4111506,411150
4111555,411155
4111605,411160
4111704,411170
4111803,411180
4111902,411190
4112009,411200
4112108,411210
4112207,411220
4112306,411230
4112405,411240
4112504,411250
4112603,411260
4112702,411270
4112751,411275
4112801,411280
4112900,411290
4112959,411295
4113007,411300
4113106,411310
4113205,411320
4113254,411325
4113304,411330
4113403,411340
4113429,411342
4113452,411345
4113502,411350
4113601,411360
4113700,411370
4113734,411373
4113759,411375
4113809,411380
4113908,411390
4114005,411400
4114104,411410
4114203,411420
4114302,411430
4114351,411435
4114401,411440
4114500,411450
4114609,411460
4114708,411470
4114807,411480
4114906,411490
4115002,411500
4115101,411510
4115200,411520
4115309,411530
4115358,411535
4115408,411540
4115457,411545
4115507,411550
4115606,411560
4115705,411570
4115739,411573
4115754,411575
4115804,411580
4115853,411585
4115903,411590
4116000,411600
4116059,411605
4116109,411610
4116208,411620
4116307,411630
4116406,411640
4116505,411650
4116604,411660
4116703,411670
4116802,411680
4116901,411690
4116950,411695
4117008,411700
4117057,411705
4117107,411710
4117206,411720
4117214,411721
4117222,411722
4117255,411725
4117271,411727
4117297,411729
4117305,411730
4117404,411740
4117453,411745
4117503,411750
4117602,411760
4117701,411770
4117800,411780
4117909,411790
4118006,411800
4118105,411810
4118204,411820
4118303,411830
4118402,411840
4118451,411845
4118501,411850
4118600,411860
4118709,411870
4118808,411880
4118857,411885
4118907,411890
4119004,411900
4119103,411910
4119152,411915
4119202,411920
4119251,411925
4119301,411930
4119400,411940
4119509,411950
4119608,411960
4119657,411965
4119707,411970
4119806,411980
4119905,411990
4119954,411995
4120002,412000
4120101,412010
4120150,412015
4120200,412020
4120309,412030
4120333,412033
4120358,412035
4120408,412040
4120507,412050
4120606,412060
4120655,412065
4120705,412070
4120804,412080
4120853,412085
4120903,412090
4121000,412100
4121109,412110
4121208,412120
4121257,412125
4121307,412130
4121356,412135
4121406,412140
4121505,412150
4121604,412160
4121703,412170
4121752,412175
4121802,412180
4121901,412190
4122008,412200
4122107,412210
4122156,412215
4122172,412217
4122206,412220
4122305,412230
4122404,412240
4122503,412250
4122602,412260
4122651,412265
4122701,412270
4122800,412280
4122909,412290
4123006,412300
4123105,412310
4123204,412320
4123303,412330
4123402,412340
4123501,412350
4123600,412360
4123709,412370
4123808,412380
4123824,412382
4123857,412385
4123907,412390
4123956,412395
4124004,412400
4124020,412402
4124053,412405
4124103,412410
4124202,412420
4124301,412430
4124400,412440
4124509,412450
4124608,412460
4124707,412470
4124806,412480
4124905,412490
4125001,412500
4125100,412510
4125209,412520
4125308,412530
4125357,412535
4125407,412540
4125456,412545
4125506,412550
4125555,412555
4125605,412560
4125704,412570
4125753,412575
4125803,412580
4125902,412590
4126009,412600
4126108,412610
4126207,412620
4126256,412625
4126272,412627
4126306,412630
4126355,412635
4126405,412640
4126504,412650
4126603,412660
4126652,412665
4126678,412667
4126702,412670
4126801,412680
4126900,412690
4127007,412700
4127106,412710
4127205,412720
4127304,412730
4127403,412740
4127502,412750
4127601,412760
4127700,412770
4127809,412780
4127858,412785
4127882,412788
4127908,412790
4127957,412795
4127965,412796
4128005,412800
4128104,412810
4128203,412820
4128302,412830
4128401,412840
4128500,412850
4128534,412853
4128559,412855
4128609,412860
4128625,412862
4128633,412863
4128658,412865
4128708,412870
4128807,412880
4200051,420005
4200101,420010
4200200,420020
4200309,420030
4200408,420040
4200507,420050
4200556,420055
4200606,420060
4200705,420070
4200754,420075
4200804,420080
4200903,420090
4201000,420100
4201109,420110
4201208,420120
4201257,420125
4201273,420127
4201307,420130
4201406,420140
4201505,420150
4201604,420160
4201653,420165
4201703,420170
4201802,420180
4201901,420190
4201950,420195
4202008,420200
4202057,420205
4202073,420207
4202081,420208
4202099,420209
4202107,420210
4202131,420213
4202156,420215
4202206,420220
4202305,420230
4202404,420240
4202438,420243
4202453,420245
4202503,420250
4202537,420253
4202578,420257
4202602,420260
4202701,420270
4202800,420280
4202859,420285
4202875,420287
4202909,420290
4203006,420300
4203105,420310
4203154,420315
4203204,420320
4203253,420325
4203303,420330
4203402,420340
4203501,420350
4203600,420360
4203709,420370
4203808,420380
4203907,420390
4203956,420395
4204004,420400
4204103,420410
4204152,420415
4204178,420417
4204194,420419
4204202,420420
4204251,420425
4204301,420430
4204350,420435
4204400,420440
4204459,420445
4204509,420450
4204558,420455
4204608,420460
4204707,420470
4204756,420475
4204806,420480
4204905,420490
4205001,420500
4205100,420510
4205159,420515
4205175,420517
4205191,420519
4205209,420520
4205308,420530
4205357,420535
4205407,420540
4205431,420543
4205456,420545
4205506,420550
4205555,420555
4205605,420560
4205704,420570
4205803,420580
4205902,420590
4206009,420600
4206108,420610
4206207,420620
4206306,420630
4206405,420640
4206504,420650
4206603,420660
4206652,420665
4206702,420670
4206751,420675
4206801,420680
4206900,420690
4207007,420700
4207106,420710
4207205,420720
4207304,420730
4207403,420740
4207502,420750
4207577,420757
4207601,420760
4207650,420765
4207684,420768
4207700,420770
4207759,420775
4207809,420780
4207858,420785
4207908,420790
4208005,420800
4208104,420810
4208203,420820
4208302,420830
4208401,420840
4208450,420845
4208500,420850
4208609,420860
4208708,420870
4208807,420880
4208906,420890
4208955,420895
4209003,420900
4209102,420910
4209151,420915
4209177,420917
4209201,420920
4209300,420930
4209409,420940
4209458,420945
4209508,420950
4209607,420960
4209706,420970
4209805,420980
4209854,420985
4209904,420990
4210001,421000
4210035,421003
4210050,421005
4210100,421010
4210209,421020
4210308,421030
4210407,421040
4210506,421050
4210555,421055
4210605,421060
4210704,421070
4210803,421080
4210852,421085
4210902,421090
4211009,421100
4211058,421105
4211108,421110
4211207,421120
4211256,421125
4211306,421130
4211405,421140
4211454,421145
4211504,421150
4211603,421160
4211652,421165
4211702,421170
4211751,421175
4211801,421180
4211850,421185
4211876,421187
4211892,421189
4211900,421190
4212007,421200
4212056,421205
4212106,421210
4212205,421220
4212239,421223
4212254,421225
4212270,421227
4212304,421230
4212403,421240
4212502,421250
4212601,421260
4212650,421265
4212700,421270
4212809,421280
4212908,421290
4213005,421300
4213104,421310
4213153,421315
4213203,421320
4213302,421330
4213351,421335
4213401,421340
4213500,421350
4213609,421360
4213708,421370
4213807,421380
4213906,421390
4214003,421400
4214102,421410
4214151,421415
4214201,421420
4214300,421430
4214409,421440
4214508,421450
4214607,421460
4214706,421470
4214805,421480
4214904,421490
4215000,421500
4215059,421505
4215075,421507
4215109,421510
4215208,421520
4215307,421530
4215356,421535
4215406,421540
4215455,421545
4215505,421550
4215554,421555
4215604,421560
4215653,421565
4215679,421567
4215687,421568
4215695,421569
4215703,421570
4215752,421575
4215802,421580
4215901,421590
4216008,421600
4216057,421605
4216107,421610
4216206,421620
4216255,421625
4216305,421630
4216354,421635
4216404,421640
4216503,421650
4216602,421660
4216701,421670
4216800,421680
4216909,421690
4217006,421700
4217105,421710
4217154,421715
4217204,421720
4217253,421725
4217303,421730
4217402,421740
4217501,421750
4217550,421755
4217600,421760
4217709,421770
4217758,421775
4217808,421780
4217907,421790
4217956,421795
4218004,421800
4218103,421810
4218202,421820
4218251,421825
4218301,421830
4218350,421835
4218400,421840
4218509,421850
4218608,421860
4218707,421870
4218756,421875
4218806,421880
4218855,421885
4218905,421890
4218954,421895
4219002,421900
4219101,421910
4219150,421915
4219176,421917
4219200,421920
4219309,421930
4219358,421935
4219408,421940
4219507,421950
4219606,421960
4219705,421970
4219853,421985
4220000,422000
4300034,430003
4300059,430005
4300109,430010
4300208,430020
4300307,430030
4300406,430040
4300455,430045
4300471,430047
4300505,430050
4300554,430055
4300570,430057
4300604,430060
4300638,430063
4300646,430064
4300661,430066
4300703,430070
4300802,430080
4300851,430085
4300877,430087
4300901,430090
4301008,430100
4301057,430105
4301073,430107
4301107,430110
4301206,430120
4301305,430130
4301404,430140
4301503,430150
4301552,430155
4301602,430160
4301636,430163
4301651,430165
4301701,430170
4301750,430175
4301800,430180
4301859,430185
4301875,430187
4301909,430190
4301925,430192
4301958,430195
4302006,430200
4302055,430205
4302105,430210
4302154,430215
4302204,430220
4302220,430222
4302238,430223
4302253,430225
4302303,430230
4302352,430235
4302378,430237
4302402,430240
4302451,430245
4302501,430250
4302584,430258
4302600,430260
4302659,430265
4302709,430270
4302808,430280
4302907,430290
4303004,430300
4303103,430310
4303202,430320
4303301,430330
4303400,430340
4303509,430350
4303558,430355
4303608,430360
4303673,430367
4303707,430370
4303806,430380
4303905,430390
4304002,430400
4304101,430410
4304200,430420
4304309,430430
4304358,430435
4304408,430440
4304507,430450
4304606,430460
4304614,430461
4304622,430462
4304630,430463
4304655,430465
4304663,430466
4304671,430467
4304689,430468
4304697,430469
4304705,430470
4304713,430471
4304804,430480
4304853,430485
4304903,430490
4304952,430495
4305009,430500
4305108,430510
4305116,430511
4305124,430512
4305132,430513
4305157,430515
4305173,430517
4305207,430520
4305306,430530
4305355,430535
4305371,430537
4305405,430540
4305439,430543
4305447,430544
4305454,430545
4305504,430550
4305587,430558
4305603,430560
4305702,430570
4305801,430580
4305835,430583
4305850,430585
4305871,430587
4305900,430590
4305934,430593
4305959,430595
4305975,430597
4306007,430600
4306056,430605
4306072,430607
4306106,430610
4306130,430613
4306205,430620
4306304,430630
4306320,430632
4306353,430635
4306379,430637
4306403,430640
4306429,430642
4306452,430645
4306502,430650
4306551,430655
4306601,430660
4306700,430670
4306734,430673
4306759,430675
4306767,430676
4306809,430680
4306908,430690
4306924,430692
4306932,430693
4306957,430695
4306973,430697
4307005,430700
4307054,430705
4307104,430710
4307203,430720
4307302,430730
4307401,430740
4307450,430745
4307500,430750
4307559,430755
4307609,430760
4307708,430770
4307807,430780
4307815,430781
4307831,430783
4307864,430786
4307906,430790
4308003,430800
4308052,430805
4308078,430807
4308102,430810
4308201,430820
4308250,430825
4308300,430830
4308409,430840
4308433,430843
4308458,430845
4308508,430850
4308607,430860
4308656,430865
4308706,430870
4308805,430880
4308854,430885
4308904,430890
4309001,430900
4309050,430905
4309100,430910
4309126,430912
4309159,430915
4309209,430920
4309258,430925
4309308,430930
4309407,430940
4309506,430950
4309555,430955
4309571,430957
4309605,430960
4309654,430965
4309704,430970
4309753,430975
4309803,430980
4309902,430990
4309951,430995
4310009,431000
4310108,431010
4310207,431020
4310306,431030
4310330,431033
4310363,431036
4310405,431040
4310413,431041
4310439,431043
4310462,431046
4310504,431050
4310538,431053
4310553,431055
4310579,431057
4310603,431060
4310652,431065
4310702,431070
4310751,431075
4310801,431080
4310850,431085
4310876,431087
4310900,431090
4311007,431100
4311106,431110
4311122,431112
4311130,431113
4311155,431115
4311205,431120
4311239,431123
4311254,431125
4311270,431127
4311304,431130
4311403,431140
4311429,431142
4311502,431150
4311601,431160
4311627,431162
4311643,431164
4311700,431170
4311718,431171
4311734,431173
4311759,431175
4311775,431177
4311791,431179
4311809,431180
4311908,431190
4311981,431198
4312005,431200
4312054,431205
4312104,431210
4312138,431213
4312153,431215
4312179,431217
4312203,431220
4312252,431225
4312302,431230
4312351,431235
4312377,431237
4312385,431238
4312401,431240
4312427,431242
4312443,431244
4312450,431245
4312476,431247
4312500,431250
4312609,431260
4312617,431261
4312625,431262
4312658,431265
4312674,431267
4312708,431270
4312757,431275
4312807,431280
4312906,431290
4312955,431295
4313003,431300
4313011,431301
4313037,431303
4313060,431306
4313086,431308
4313102,431310
4313201,431320
4313300,431330
4313334,431333
4313359,431335
4313375,431337
4313391,431339
4313409,431340
4313425,431342
4313441,431344
4313466,431346
4313490,431349
4313508,431350
4313607,431360
4313656,431365
4313706,431370
4313805,431380
4313904,431390
4313953,431395
4314001,431400
4314027,431402
4314035,431403
4314050,431405
4314068,431406
4314076,431407
4314100,431410
4314134,431413
4314159,431415
4314175,431417
4314209,431420
4314308,431430
4314407,431440
4314423,431442
4314456,431445
4314464,431446
4314472,431447
4314498,431449
4314506,431450
4314548,431454
4314555,431455
4314605,431460
4314704,431470
4314753,431475
4314779,431477
4314787,431478
4314803,431480
4314902,431490
4315008,431500
4315057,431505
4315073,431507
4315107,431510
4315131,431513
4315149,431514
4315156,431515
4315172,431517
4315206,431520
4315305,431530
4315313,431531
4315321,431532
4315354,431535
4315404,431540
4315453,431545
4315503,431550
4315552,431555
4315602,431560
4315701,431570
4315750,431575
4315800,431580
4315909,431590
4315958,431595
4316006,431600
4316105,431610
4316204,431620
4316303,431630
4316402,431640
4316428,431642
4316436,431643
4316451,431645
4316477,431647
4316501,431650
4316600,431660
4316709,431670
4316733,431673
4316758,431675
4316808,431680
4316907,431690
4316956,431695
4316972,431697
4317004,431700
4317103,431710
4317202,431720
4317251,431725
4317301,431730
4317400,431740
4317509,431750
4317558,431755
4317608,431760
4317707,431770
4317756,431775
4317806,431780
4317905,431790
4317954,431795
4318002,431800
4318051,431805
4318101,431810
4318200,431820
4318309,431830
4318408,431840
4318424,431842
4318432,431843
4318440,431844
4318457,431845
4318465,431846
4318481,431848
4318499,431849
4318507,431850
4318606,431860
4318614,431861
4318622,431862
4318705,431870
4318804,431880
4318903,431890
4319000,431900
4319109,431910
4319125,431912
4319158,431915
4319208,431920
4319307,431930
4319356,431935
4319364,431936
4319372,431937
4319406,431940
4319505,431950
4319604,431960
4319703,431970
4319711,431971
4319737,431973
4319752,431975
4319802,431980
4319901,431990
4320008,432000
4320107,432010
4320206,432020
4320230,432023
4320263,432026
4320305,432030
4320321,432032
4320354,432035
4320404,432040
4320453,432045
4320503,432050
4320552,432055
4320578,432057
4320602,432060
4320651,432065
4320677,432067
4320701,432070
4320800,432080
4320859,432085
4320909,432090
4321006,432100
4321105,432110
4321204,432120
4321303,432130
4321329,432132
4321352,432135
4321402,432140
4321436,432143
4321451,432145
4321469,432146
4321477,432147
4321493,432149
4321501,432150
4321600,432160
4321626,432162
4321634,432163
4321667,432166
4321709,432170
4321808,432180
4321832,432183
4321857,432185
4321907,432190
4321956,432195
4322004,432200
4322103,432210
4322152,432215
4322186,432218
4322202,432220
4322251,432225
4322301,432230
4322327,432232
4322343,432234
4322350,432235
4322376,432237
4322400,432240
4322509,432250
4322525,432252
4322533,432253
4322541,432254
4322558,432255
4322608,432260
4322707,432270
4322806,432280
4322855,432285
4322905,432290
4323002,432300
4323101,432310
4323200,432320
4323309,432330
4323358,432335
4323408,432340
4323457,432345
4323507,432350
4323606,432360
4323705,432370
4323754,432375
4323770,432377
4323804,432380
5000203,500020
5000252,500025
5000609,500060
5000708,500070
5000807,500080
5000856,500085
5000906,500090
5001003,500100
5001102,500110
5001243,500124
5001508,500150
5001904,500190
5002001,500200
5002100,500210
5002159,500215
5002209,500220
5002308,500230
5002407,500240
5002605,500260
5002704,500270
5002803,500280
5002902,500290
5002951,500295
5003108,500310
5003157,500315
5003207,500320
5003256,500325
5003306,500330
5003454,500345
5003488,500348
5003504,500350
5003702,500370
5003751,500375
5003801,500380
5003900,500390
5004007,500400
5004106,500410
5004304,500430
5004403,500440
5004502,500450
5004601,500460
5004700,500470
5004809,500480
5004908,500490
5005004,500500
5005103,500510
5005152,500515
5005202,500520
5005251,500525
5005400,500540
5005608,500560
5005681,500568
5005707,500570
5005806,500580
5006002,500600
5006200,500620
5006259,500625
5006275,500627
5006309,500630
5006358,500635
5006408,500640
5006606,500660
5006903,500690
5007109,500710
5007208,500720
5007307,500730
5007406,500740
5007505,500750
5007554,500755
5007695,500769
5007703,500770
5007802,500780
5007901,500790
5007935,500793
5007950,500795
5007976,500797
5008008,500800
5008305,500830
5008404,500840
5100102,510010
5100201,510020
5100250,510025
5100300,510030
5100359,510035
5100409,510040
5100508,510050
5100607,510060
5100805,510080
5101001,510100
5101209,510120
5101258,510125
5101308,510130
5101407,510140
5101605,510160
5101704,510170
5101803,510180
5101852,510185
5101902,510190
5102504,510250
5102603,510260
5102637,510263
5102678,510267
5102686,510268
5102694,510269
5102702,510270
5102793,510279
5102850,510285
5103007,510300
5103056,510305
5103106,510310
5103205,510320
5103254,510325
5103304,510330
5103353,510335
5103361,510336
5103379,510337
5103403,510340
5103437,510343
5103452,510345
5103502,510350
5103601,510360
5103700,510370
5103809,510380
5103858,510385
5103908,510390
5103957,510395
5104104,510410
5104203,510420
5104500,510450
5104526,510452
5104542,510454
5104559,510455
5104609,510460
5104807,510480
5104906,510490
5105002,510500
5105101,510510
5105150,510515
5105176,510517
5105200,510520
5105234,510523
5105259,510525
5105309,510530
5105507,510550
5105580,510558
5105606,510560
5105622,510562
5105903,510590
5106000,510600
5106109,510610
5106158,510615
5106174,510617
5106182,510618
5106190,510619
5106208,510620
5106216,510621
5106224,510622
5106232,510623
5106240,510624
5106257,510625
5106265,510626
5106273,510627
5106281,510628
5106299,510629
5106307,510630
5106315,510631
5106372,510637
5106422,510642
5106455,510645
5106505,510650
5106653,510665
5106703,510670
5106752,510675
5106778,510677
5106802,510680
5106828,510682
5106851,510685
5107008,510700
5107040,510704
5107065,510706
5107107,510710
5107156,510715
5107180,510718
5107198,510719
5107206,510720
5107248,510724
5107263,510726
5107297,510729
5107305,510730
5107354,510735
5107404,510740
5107578,510757
5107602,510760
5107701,510770
5107743,510774
5107750,510775
5107768,510776
5107776,510777
5107792,510779
5107800,510780
5107859,510785
5107875,510787
5107883,510788
5107909,510790
5107925,510792
5107941,510794
5107958,510795
5108006,510800
5108055,510805
5108105,510810
5108204,510820
5108303,510830
5108352,510835
5108402,510840
5108501,510850
5108600,510860
5108808,510880
5108857,510885
5108907,510890
5108956,510895
5200050,520005
5200100,520010
5200134,520013
5200159,520015
5200175,520017
5200209,520020
5200258,520025
5200308,520030
5200506,520050
5200555,520055
5200605,520060
5200803,520080
5200829,520082
5200852,520085
5200902,520090
5201108,520110
5201207,520120
5201306,520130
5201405,520140
5201454,520145
5201504,520150
5201603,520160
5201702,520170
5201801,520180
5202155,520215
5202353,520235
5202502,520250
5202601,520260
5202809,520280
5203104,520310
5203203,520320
5203302,520330
5203401,520340
5203500,520350
5203559,520355
5203575,520357
5203609,520360
5203807,520380
5203906,520390
5203939,520393
5203962,520396
5204003,520400
5204102,520410
5204201,520420
5204250,520425
5204300,520430
5204409,520440
5204508,520450
5204557,520455
5204607,520460
5204656,520465
5204706,520470
5204805,520480
5204854,520485
5204904,520490
5204953,520495
5205000,520500
5205059,520505
5205109,520510
5205208,520520
5205307,520530
5205406,520540
5205455,520545
5205471,520547
5205497,520549
5205513,520551
5205521,520552
5205703,520570
5205802,520580
5205901,520590
5206206,520620
5206305,520630
5206404,520640
5206503,520650
5206602,520660
5206701,520670
5206800,520680
5206909,520690
5207105,520710
5207253,520725
5207352,520735
5207402,520740
5207501,520750
5207535,520753
5207600,520760
5207808,520780
5207907,520790
5208004,520800
5208103,520810
5208152,520815
5208301,520830
5208400,520840
5208509,520850
5208608,520860
5208707,520870
5208806,520880
5208905,520890
5209101,520910
5209150,520915
5209200,520920
5209291,520929
5209408,520940
5209457,520945
5209606,520960
5209705,520970
5209804,520980
5209903,520990
5209937,520993
5209952,520995
5210000,521000
5210109,521010
5210158,521015
5210208,521020
5210307,521030
5210406,521040
5210562,521056
5210604,521060
5210802,521080
5210901,521090
5211008,521100
5211206,521120
5211305,521130
5211404,521140
5211503,521150
5211602,521160
5211701,521170
5211800,521180
5211909,521190
5212006,521200
5212055,521205
5212105,521210
5212204,521220
5212253,521225
5212303,521230
5212501,521250
5212600,521260
5212709,521270
5212808,521280
5212907,521290
5212956,521295
5213004,521300
5213053,521305
5213087,521308
5213103,521310
5213400,521340
5213509,521350
5213707,521370
5213756,521375
5213772,521377
5213806,521380
5213855,521385
5213905,521390
5214002,521400
5214051,521405
5214101,521410
5214408,521440
5214507,521450
5214606,521460
5214705,521470
5214804,521480
5214838,521483
5214861,521486
5214879,521487
5214903,521490
5215009,521500
5215207,521520
5215231,521523
5215256,521525
5215306,521530
5215405,521540
5215504,521550
5215603,521560
5215652,521565
5215702,521570
5215801,521580
5215900,521590
5216007,521600
5216304,521630
5216403,521640
5216452,521645
5216809,521680
5216908,521690
5217104,521710
5217203,521720
5217302,521730
5217401,521740
5217609,521760
5217708,521770
5218003,521800
5218052,521805
5218102,521810
5218300,521830
5218391,521839
5218508,521850
5218607,521860
5218706,521870
5218789,521878
5218805,521880
5218904,521890
5219001,521900
5219100,521910
5219209,521920
5219258,521925
5219308,521930
5219357,521935
5219407,521940
5219456,521945
5219506,521950
5219605,521960
5219704,521970
5219712,521971
5219738,521973
5219753,521975
5219803,521980
5219902,521990
5220009,522000
5220058,522005
5220108,522010
5220157,522015
5220207,522020
5220264,522026
5220280,522028
5220405,522040
5220454,522045
5220504,522050
5220603,522060
5220686,522068
5220702,522070
5221007,522100
5221080,522108
5221197,522119
5221304,522130
5221403,522140
5221452,522145
5221502,522150
5221551,522155
5221577,522157
5221601,522160
5221700,522170
5221809,522180
5221858,522185
5221908,522190
5222005,522200
5222054,522205
5222203,522220
5222302,522230
5300108,530010
